{
  "num_queries": 100,
  "top1_doc_hit_rate": 0.92,
  "top3_doc_hit_rate": 0.98,
  "top5_doc_hit_rate": 1.0,
  "avg_confidence_score": 0.6958799999999999,
  "avg_top_coverage": 0.51085,
  "confidence_levels": {
    "high": 35,
    "medium": 62,
    "low": 3
  },
  "single_doc_count": 91,
  "single_doc_top1_doc_hit_rate": 0.9560439560439561,
  "single_doc_top3_doc_hit_rate": 1.0,
  "single_doc_avg_confidence_score": 0.6993076923076923,
  "cross_doc_count": 9,
  "cross_doc_top1_doc_hit_rate": 0.5555555555555556,
  "cross_doc_top3_doc_hit_rate": 0.7777777777777778,
  "cross_doc_avg_confidence_score": 0.6612222222222222,
  "per_target_doc": {
    "ASX_CWN_2021.pdf": {
      "count": 15,
      "top1_doc_hit_rate": 0.8666666666666667,
      "top3_doc_hit_rate": 0.9333333333333333
    },
    "ASX_DMP_2021.pdf": {
      "count": 16,
      "top1_doc_hit_rate": 0.875,
      "top3_doc_hit_rate": 1.0
    },
    "NASDAQ_AAPL_2020.pdf": {
      "count": 16,
      "top1_doc_hit_rate": 0.875,
      "top3_doc_hit_rate": 0.9375
    },
    "NASDAQ_CZR_2020.pdf": {
      "count": 16,
      "top1_doc_hit_rate": 0.8125,
      "top3_doc_hit_rate": 0.9375
    },
    "NASDAQ_MSFT_2020.pdf": {
      "count": 15,
      "top1_doc_hit_rate": 0.9333333333333333,
      "top3_doc_hit_rate": 1.0
    },
    "NYSE_MCD_2020.pdf": {
      "count": 18,
      "top1_doc_hit_rate": 0.7777777777777778,
      "top3_doc_hit_rate": 0.9444444444444444
    },
    "annual-report-adidas-ar20.pdf": {
      "count": 19,
      "top1_doc_hit_rate": 0.8421052631578947,
      "top3_doc_hit_rate": 0.9473684210526315
    }
  }
}
